{
    "post_neutron_star_merger_scenario_0.hdf5": {
        "B_unit": 1.9595895052119176e+16,
        "DTd": 5.0,
        "DTl": 0.5,
        "DTp": 100.0,
        "DTr": 100.0,
        "LEdd": 3.77225777131115e+38,
        "L_unit": 443112.3440754263,
        "M_unit": 2.958152e+27,
        "Mbh": 5.967e+33,
        "MdotEdd": 4.1972028206980485e+18,
        "RHO_unit": 34000001788.18282,
        "Reh": 1.5999999999999999,
        "Rin": 1.302840723082857,
        "Risco": 2.9066438544641957,
        "Rout": 1000.0,
        "Rout_rad": 104.0,
        "Rout_vis": 1000.0,
        "TEMP_unit": 1.60217653e-06,
        "T_unit": 1.478063681226518e-05,
        "U_unit": 3.055767768419037e+31,
        "cour": 0.9,
        "hslope": 0.3,
        "maxnscatt": 3.0,
        "mks_smooth": 0.5,
        "poly_alpha": 14.0,
        "poly_xt": 0.82,
        "tf": 10000.0
    },
    "scenario_1.hdf5": {
        "B_unit": 1.1146075066561672e+17,
        "DTd": 5.0,
        "DTl": 0.5,
        "DTp": 100.0,
        "DTr": 100.0,
        "LEdd": 3.24414168332759e+38,
        "L_unit": 381076.61590486666,
        "M_unit": 6.087368e+28,
        "Mbh": 5.1316200000000007e+33,
        "MdotEdd": 3.6095944258003226e+18,
        "RHO_unit": 1099999929574.0698,
        "Reh": 1.723809367167903,
        "Rin": 1.4007452432558636,
        "Risco": 3.438574112883922,
        "Rout": 1000.0,
        "Rout_rad": 44.0,
        "Rout_vis": 1000.0,
        "TEMP_unit": 1.60217653e-06,
        "T_unit": 1.2711347658548057e-05,
        "U_unit": 9.8863063331483e+32,
        "cour": 0.9,
        "hslope": 0.3,
        "maxnscatt": 3.0,
        "mks_smooth": 0.5,
        "poly_alpha": 14.0,
        "poly_xt": 0.82,
        "tf": 10000.0
    },
    "post_neutron_star_merger_scenario_2.hdf5": {
        "B_unit": 1.1146075066561672e+17,
        "DTd": 5.0,
        "DTl": 0.5,
        "DTp": 100.0,
        "DTr": 100.0,
        "LEdd": 3.24414168332759e+38,
        "L_unit": 381076.61590486666,
        "M_unit": 6.087368e+28,
        "Mbh": 5.1316200000000007e+33,
        "MdotEdd": 3.6095944258003226e+18,
        "RHO_unit": 1099999929574.0698,
        "Reh": 1.723809367167903,
        "Rin": 1.4007452432558636,
        "Risco": 3.438574112883922,
        "Rout": 1000.0,
        "Rout_rad": 44.0,
        "Rout_vis": 1000.0,
        "TEMP_unit": 1.60217653e-06,
        "T_unit": 1.2711347658548057e-05,
        "U_unit": 9.8863063331483e+32,
        "cour": 0.9,
        "hslope": 0.3,
        "maxnscatt": 3.0,
        "mks_smooth": 0.5,
        "poly_alpha": 14.0,
        "poly_xt": 0.82,
        "tf": 10000.0
    },
    "post_neutron_star_merger_scenario_3.hdf5": {
        "B_unit": 1.1146075066561672e+17,
        "DTd": 5.0,
        "DTl": 0.5,
        "DTp": 100.0,
        "DTr": 100.0,
        "LEdd": 3.24414168332759e+38,
        "L_unit": 381076.61590486666,
        "M_unit": 6.087368e+28,
        "Mbh": 5.1316200000000007e+33,
        "MdotEdd": 3.6095944258003226e+18,
        "RHO_unit": 1099999929574.0698,
        "Reh": 1.723809367167903,
        "Rin": 1.4007452432558636,
        "Risco": 3.438574112883922,
        "Rout": 1000.0,
        "Rout_rad": 33.0,
        "Rout_vis": 40.0,
        "TEMP_unit": 1.60217653e-06,
        "T_unit": 1.2711347658548057e-05,
        "U_unit": 9.8863063331483e+32,
        "cour": 0.9,
        "hslope": 0.3,
        "maxnscatt": 3.0,
        "mks_smooth": 0.5,
        "poly_alpha": 14.0,
        "poly_xt": 0.82,
        "tf": 10000.0
    },
    "post_neutron_star_merger_scenario_4.hdf5": {
        "B_unit": 1.594104871528291e+16,
        "DTd": 5.0,
        "DTl": 0.5,
        "DTp": 100.0,
        "DTr": 100.0,
        "LEdd": 1.2574192571037172e+39,
        "L_unit": 1477041.1469180877,
        "M_unit": 7.250372e+28,
        "Mbh": 1.9890000000000002e+34,
        "MdotEdd": 1.39906760689935e+19,
        "RHO_unit": 22499999479.58978,
        "Reh": 1.5999999999999999,
        "Rin": 1.3233287776402274,
        "Risco": 2.9066438544641957,
        "Rout": 1000.0,
        "Rout_rad": 80.0,
        "Rout_vis": 1000.0,
        "TEMP_unit": 1.60217653e-06,
        "T_unit": 4.926878937421727e-05,
        "U_unit": 2.0221991053857013e+31,
        "cour": 0.9,
        "hslope": 0.3,
        "maxnscatt": 3.0,
        "mks_smooth": 0.5,
        "poly_alpha": 14.0,
        "poly_xt": 0.82,
        "tf": 10000.0
    },
    "post_neutron_star_merger_scenario_5.hdf5": {
        "B_unit": 1.2574468515297374e+17,
        "DTd": 5.0,
        "DTl": 0.5,
        "DTp": 100.0,
        "DTr": 100.0,
        "LEdd": 2.9046384839095865e+38,
        "L_unit": 341196.5049380783,
        "M_unit": 5.560857e+28,
        "Mbh": 4.5945900000000005e+33,
        "MdotEdd": 3.231846171937498e+18,
        "RHO_unit": 1399999903454.506,
        "Reh": 1.723809367167903,
        "Rin": 1.4288663211017247,
        "Risco": 3.438574112883922,
        "Rout": 1000.0,
        "Rout_rad": 44.0,
        "Rout_vis": 1000.0,
        "TEMP_unit": 1.60217653e-06,
        "T_unit": 1.138109034544419e-05,
        "U_unit": 1.258257163460782e+33,
        "cour": 0.9,
        "hslope": 0.3,
        "maxnscatt": 3.0,
        "mks_smooth": 0.5,
        "poly_alpha": 14.0,
        "poly_xt": 0.82,
        "tf": 10000.0
    },
    "post_neutron_star_merger_scenario_6.hdf5": {
        "B_unit": 1.3015812128059746e+17,
        "DTd": 5.0,
        "DTl": 0.5,
        "DTp": 100.0,
        "DTr": 100.0,
        "LEdd": 3.3573094164669248e+38,
        "L_unit": 394369.98622712947,
        "M_unit": 9.200318e+28,
        "Mbh": 5.31063e+33,
        "MdotEdd": 3.7355105104212644e+18,
        "RHO_unit": 1500000047274.502,
        "Reh": 1.723809367167903,
        "Rin": 1.4288663211017247,
        "Risco": 3.438574112883922,
        "Rout": 1000.0,
        "Rout_rad": 44.0,
        "Rout_vis": 1000.0,
        "TEMP_unit": 1.60217653e-06,
        "T_unit": 1.3154766762916013e-05,
        "U_unit": 1.3481328105934298e+33,
        "cour": 0.9,
        "hslope": 0.3,
        "maxnscatt": 3.0,
        "mks_smooth": 0.5,
        "poly_alpha": 14.0,
        "poly_xt": 0.82,
        "tf": 10000.0
    },
    "post_neutron_star_merger_scenario_7.hdf5": {
        "B_unit": 2.6031622697131936e+16,
        "DTd": 5.0,
        "DTl": 0.5,
        "DTp": 100.0,
        "DTr": 100.0,
        "LEdd": 7.5445155426223e+38,
        "L_unit": 886224.6881508526,
        "M_unit": 4.176214e+28,
        "Mbh": 1.1934e+34,
        "MdotEdd": 8.394405641396097e+18,
        "RHO_unit": 59999994704.39406,
        "Reh": 1.6614378277661477,
        "Rin": 1.3756706013574918,
        "Risco": 3.158039166325728,
        "Rout": 1000.0,
        "Rout_rad": 88.0,
        "Rout_vis": 1000.0,
        "TEMP_unit": 1.60217653e-06,
        "T_unit": 2.956127362453036e-05,
        "U_unit": 5.392530596475579e+31,
        "cour": 0.9,
        "hslope": 0.3,
        "maxnscatt": 3.0,
        "mks_smooth": 0.5,
        "poly_alpha": 14.0,
        "poly_xt": 0.82,
        "tf": 10000.0
    }
}
